ip,id
104.16.24.92,0
192.168.10.25,1
104.16.25.216,2
192.168.10.51,3
104.16.26.92,4
104.16.87.26,5
104.19.194.102,6
192.168.10.9,7
104.196.121.139,8
104.196.190.32,9
104.196.208.158,10
104.20.58.245,11
192.168.10.14,12
104.24.11.90,13
104.25.117.5,14
104.25.17.36,15
104.25.75.117,16
104.31.11.172,17
192.168.10.8,18
104.73.250.237,19
104.73.254.40,20
104.85.1.215,21
104.88.108.223,22
104.88.12.40,23
104.88.25.189,24
104.88.38.117,25
192.168.10.12,26
104.88.40.130,27
104.88.46.33,28
104.88.55.49,29
104.88.69.146,30
104.88.70.158,31
104.88.75.116,32
104.88.85.56,33
104.88.86.189,34
104.88.89.135,35
192.168.10.17,36
104.88.92.139,37
107.178.242.85,38
107.178.245.205,39
107.178.253.132,40
107.178.255.114,41
107.20.235.219,42
107.22.226.38,43
110.45.229.150,44
192.168.10.5,45
110.76.141.122,46
115.182.201.6,47
115.182.201.8,48
12.129.210.53,49
129.146.12.101,50
129.146.12.96,51
13.58.114.139,52
13.58.125.221,53
13.58.218.44,54
13.58.40.107,55
13.58.96.44,56
13.59.104.39,57
13.59.47.156,58
13.78.188.147,59
192.168.10.15,60
130.211.5.178,61
138.108.50.100,62
138.108.7.20,63
146.20.128.170,64
146.20.128.225,65
146.20.128.81,66
146.20.129.7,67
146.20.129.8,68
146.20.132.166,69
146.20.132.167,70
146.20.132.209,71
149.56.241.126,72
151.101.0.175,73
151.101.1.108,74
151.101.1.181,75
151.101.1.204,76
151.101.1.52,77
151.101.2.2,78
151.101.20.129,79
151.101.20.134,80
151.101.20.207,81
151.101.208.134,82
151.101.208.230,83
151.101.209.108,84
151.101.209.6,85
151.101.21.108,86
151.101.44.134,87
151.101.44.175,88
151.101.44.249,89
151.101.45.108,90
151.101.46.2,91
151.80.71.202,92
152.195.33.25,93
156.154.200.36,94
157.238.74.80,95
157.240.18.15,96
157.240.18.19,97
157.240.18.35,98
157.240.2.25,99
157.240.2.35,100
158.85.42.53,101
161.170.236.122,102
162.247.242.18,103
162.248.16.24,104
162.248.16.26,105
162.248.16.34,106
162.93.229.167,107
166.78.192.64,108
169.45.108.44,109
169.54.129.11,110
172.217.10.110,111
192.168.10.16,112
172.217.10.129,113
172.217.10.2,114
172.217.10.227,115
172.217.10.230,116
172.217.10.234,117
172.217.10.238,118
172.217.10.34,119
172.217.10.46,120
172.217.10.6,121
172.217.10.66,122
172.217.10.67,123
192.168.10.19,124
172.217.10.70,125
172.217.10.74,126
172.217.10.77,127
172.217.10.8,128
172.217.10.98,129
172.217.10.99,130
172.217.11.10,131
172.217.11.2,132
172.217.11.4,133
172.217.11.40,134
172.217.11.46,135
172.217.11.51,136
172.217.12.130,137
172.217.12.138,138
172.217.12.142,139
172.217.12.147,140
172.217.12.162,141
172.217.12.174,142
172.217.12.193,143
172.217.12.201,144
172.217.12.206,145
172.217.12.210,146
172.217.2.110,147
172.217.3.104,148
172.217.3.109,149
172.217.3.110,150
172.217.3.98,151
172.217.6.195,152
172.217.6.200,153
172.217.6.202,154
172.217.6.210,155
172.217.6.225,156
172.217.6.227,157
172.217.6.238,158
172.217.8.3,159
172.217.9.227,160
172.217.9.232,161
172.217.9.237,162
172.217.9.238,163
172.224.12.18,164
173.194.207.156,165
178.239.182.230,166
184.30.4.121,167
184.84.243.199,168
185.167.164.39,169
185.22.116.25,170
185.22.116.41,171
185.54.150.115,172
185.54.150.17,173
185.54.150.20,174
192.0.72.3,175
192.0.77.2,176
192.0.77.32,177
129.6.15.28,178
152.2.133.52,179
174.36.232.136,180
178.255.83.1,181
192.168.10.255,182
192.168.10.3,183
192.168.10.50,184
206.126.112.153,185
208.75.89.4,186
209.85.144.156,187
224.0.0.251,188
23.200.16.168,189
23.50.75.27,190
23.63.226.81,191
31.13.69.228,192
31.13.80.12,193
34.210.245.93,194
35.154.38.4,195
52.37.48.84,196
52.84.145.211,197
54.192.36.150,198
63.241.108.103,199
72.21.91.29,200
91.189.89.198,201
137.74.125.58,202
162.208.20.184,203
185.22.116.27,204
188.165.32.247,205
194.126.157.22,206
195.54.48.9,207
195.66.82.41,208
198.54.12.127,209
199.127.204.189,210
204.236.236.52,211
204.237.206.130,212
207.200.74.133,213
23.194.108.23,214
23.194.109.216,215
23.194.141.125,216
23.194.142.54,217
23.194.181.73,218
23.208.171.113,219
23.61.187.27,220
31.13.71.36,221
31.13.71.7,222
34.205.137.162,223
34.251.154.196,224
37.252.166.209,225
38.72.130.155,226
50.112.45.104,227
50.63.243.230,228
52.0.182.174,229
52.20.78.0,230
52.21.107.23,231
52.216.1.96,232
52.3.119.216,233
52.35.150.202,234
52.52.117.184,235
52.52.149.36,236
52.52.71.203,237
52.84.142.241,238
52.84.143.31,239
52.84.145.62,240
52.9.214.11,241
54.192.37.79,242
54.230.38.136,243
54.239.17.113,244
54.246.126.37,245
62.161.94.230,246
63.144.176.10,247
63.251.98.12,248
64.4.54.254,249
64.71.142.55,250
64.94.116.192,251
65.55.44.108,252
66.231.239.53,253
68.67.180.12,254
74.119.118.67,255
8.39.37.61,256
80.82.201.85,257
80.82.201.86,258
98.139.225.43,259
23.60.73.11,260
23.60.74.2,261
65.55.44.109,262
158.69.125.231,263
158.69.247.184,264
173.194.206.109,265
204.237.173.17,266
206.126.112.155,267
207.210.46.249,268
208.81.1.244,269
50.112.201.212,270
54.192.37.146,271
103.224.182.246,272
108.61.73.243,273
138.68.46.177,274
173.255.246.13,275
184.105.182.7,276
194.244.5.206,277
198.206.133.14,278
216.58.219.238,279
217.175.53.65,280
23.15.4.11,281
23.239.26.89,282
34.205.86.36,283
34.224.184.0,284
45.33.84.208,285
45.76.92.117,286
45.79.109.111,287
45.79.111.114,288
45.79.187.10,289
50.116.52.97,290
52.84.145.100,291
54.231.120.218,292
54.231.73.34,293
69.10.161.7,294
69.195.159.158,295
74.117.214.3,296
74.125.192.156,297
91.189.89.199,298
91.189.91.157,299
96.226.123.195,300
129.128.12.20,301
144.217.163.175,302
144.217.240.204,303
192.95.27.155,304
199.182.221.110,305
206.108.0.132,306
206.108.0.133,307
206.108.0.134,308
206.126.112.148,309
206.75.89.101,310
216.58.217.100,311
216.58.217.99,312
216.58.219.227,313
222.255.27.165,314
23.208.165.24,315
24.86.68.24,316
35.161.252.150,317
52.11.164.190,318
64.137.248.212,319
68.99.123.161,320
69.165.222.176,321
99.224.25.39,322
104.24.10.90,323
104.244.46.39,324
104.25.116.5,325
13.58.175.81,326
146.20.133.76,327
151.101.2.49,328
156.154.202.36,329
162.208.117.11,330
169.45.253.37,331
169.46.44.40,332
169.60.66.38,333
169.60.66.39,334
17.253.20.253,335
172.217.10.106,336
172.217.11.38,337
172.217.12.211,338
172.217.3.106,339
172.217.6.206,340
172.217.7.3,341
172.224.10.215,342
173.194.175.109,343
192.229.211.40,344
192.243.250.68,345
192.243.54.160,346
192.82.242.23,347
192.82.243.71,348
198.232.125.123,349
199.96.57.6,350
200.7.211.28,351
204.13.194.242,352
204.154.111.112,353
205.185.216.10,354
205.234.175.175,355
206.54.177.103,356
208.81.233.32,357
209.197.3.65,358
209.205.216.202,359
209.205.216.210,360
209.205.216.234,361
209.205.216.242,362
209.85.144.155,363
209.85.144.157,364
213.174.132.66,365
216.200.233.104,366
216.239.32.62,367
216.58.219.228,368
23.111.11.222,369
23.111.9.30,370
23.15.4.16,371
23.192.15.138,372
23.194.108.211,373
23.194.140.172,374
23.194.142.5,375
23.194.180.128,376
23.194.180.219,377
23.194.181.103,378
23.194.181.54,379
23.194.182.12,380
23.194.182.2,381
23.208.158.158,382
23.208.162.98,383
23.208.218.2,384
23.208.79.57,385
23.21.181.72,386
23.21.49.58,387
23.21.52.141,388
23.21.56.145,389
23.217.50.210,390
23.22.67.219,391
23.44.160.217,392
23.44.161.189,393
23.46.62.46,394
23.52.153.87,395
23.60.72.217,396
23.63.227.139,397
23.67.1.104,398
23.92.189.243,399
23.92.189.246,400
23.92.189.247,401
31.13.65.7,402
31.13.71.1,403
34.192.107.197,404
34.193.193.111,405
34.195.158.77,406
34.196.21.126,407
34.196.230.14,408
34.196.96.128,409
34.199.141.255,410
34.202.145.155,411
34.205.224.175,412
34.206.2.148,413
34.206.244.230,414
35.167.226.133,415
35.185.50.103,416
35.186.227.40,417
35.186.253.0,418
38.106.10.132,419
46.105.199.2,420
50.16.203.139,421
50.16.220.202,422
50.18.168.195,423
50.18.50.60,424
50.31.185.43,425
52.14.181.127,426
52.14.39.34,427
52.14.82.203,428
52.15.57.229,429
52.15.92.3,430
52.201.88.235,431
52.202.134.59,432
52.21.113.142,433
52.21.23.137,434
52.21.92.98,435
52.216.20.245,436
52.216.22.21,437
52.216.226.203,438
52.216.83.75,439
52.34.15.135,440
52.35.54.251,441
52.38.131.10,442
52.4.174.231,443
52.44.64.155,444
52.45.120.97,445
52.5.97.251,446
52.52.66.25,447
52.53.96.217,448
52.6.180.146,449
52.6.89.8,450
52.7.160.203,451
52.7.37.173,452
52.71.109.106,453
52.8.118.210,454
52.8.65.207,455
52.8.89.71,456
52.84.137.51,457
52.84.137.78,458
52.84.143.116,459
52.84.143.130,460
52.84.143.141,461
52.84.143.143,462
52.84.143.162,463
52.84.143.170,464
52.84.143.205,465
52.84.143.214,466
52.84.143.66,467
52.84.143.82,468
52.84.143.90,469
52.84.143.92,470
52.84.145.123,471
52.84.145.135,472
52.84.145.166,473
52.84.145.198,474
52.84.145.242,475
52.84.145.27,476
52.84.145.87,477
52.84.57.246,478
52.84.64.244,479
52.84.64.54,480
52.84.64.79,481
52.86.204.9,482
52.9.209.28,483
52.94.232.33,484
54.153.125.234,485
54.153.60.51,486
54.164.44.237,487
54.173.30.87,488
54.175.144.228,489
54.183.187.138,490
54.183.252.153,491
54.191.136.137,492
54.192.36.34,493
54.192.37.141,494
54.192.37.181,495
54.192.37.217,496
54.192.37.90,497
54.208.26.241,498
54.209.21.183,499
54.210.193.125,500
54.215.226.91,501
54.219.155.188,502
54.223.40.115,503
54.225.73.117,504
54.236.211.8,505
54.80.153.207,506
54.84.235.72,507
54.86.213.164,508
54.87.6.131,509
62.4.0.28,510
62.4.0.29,511
64.74.232.42,512
68.67.178.109,513
68.67.178.110,514
68.67.178.111,515
68.67.178.132,516
68.67.178.137,517
68.67.178.138,518
68.67.178.173,519
68.67.178.176,520
68.67.178.196,521
68.67.178.197,522
68.67.178.199,523
68.67.178.230,524
68.67.178.243,525
68.67.178.246,526
68.67.178.252,527
68.67.180.44,528
69.16.175.10,529
69.16.175.42,530
72.21.206.141,531
72.247.71.166,532
72.249.192.49,533
72.249.192.50,534
72.249.192.57,535
72.249.192.58,536
72.249.192.59,537
72.249.192.64,538
72.249.192.66,539
72.5.205.42,540
72.5.205.57,541
72.5.205.59,542
74.119.118.72,543
74.125.22.155,544
8.39.37.31,545
8.39.37.35,546
8.43.72.112,547
8.43.72.21,548
8.43.72.97,549
80.247.66.26,550
81.26.166.11,551
85.114.159.93,552
89.186.73.156,553
93.184.215.245,554
93.184.216.180,555
99.192.248.32,556
192.168.10.1,557
224.0.1.24,558
65.52.108.186,559
104.88.104.236,560
203.133.166.24,561
203.217.227.142,562
206.126.112.145,563
211.110.65.19,564
23.194.180.163,565
23.199.19.175,566
52.84.145.248,567
129.6.15.29,568
144.217.164.10,569
104.19.192.102,570
104.88.109.98,571
107.21.205.62,572
138.201.227.193,573
146.20.128.232,574
158.85.41.206,575
162.208.22.39,576
162.213.33.44,577
173.241.242.143,578
184.73.196.217,579
184.73.198.130,580
192.0.73.2,581
192.0.76.3,582
192.0.78.19,583
192.0.79.32,584
192.0.79.33,585
192.82.242.21,586
192.82.242.30,587
195.234.240.81,588
198.51.152.184,589
204.11.109.66,590
204.13.192.211,591
204.2.197.201,592
204.44.79.1,593
204.79.197.200,594
208.100.17.176,595
208.100.17.183,596
208.100.17.188,597
216.200.232.121,598
23.1.29.116,599
23.194.111.184,600
23.194.141.179,601
23.194.180.86,602
23.2.12.111,603
23.208.89.115,604
23.21.161.224,605
23.23.146.19,606
23.23.195.244,607
23.49.139.27,608
23.54.187.27,609
23.63.152.219,610
31.186.87.67,611
34.197.163.181,612
34.200.179.113,613
34.202.3.68,614
34.205.110.130,615
34.206.167.59,616
34.210.138.185,617
34.224.179.209,618
34.224.183.210,619
34.225.206.80,620
34.227.188.19,621
35.160.100.86,622
35.161.117.84,623
38.65.20.26,624
38.69.238.8,625
40.113.120.215,626
50.116.194.23,627
50.18.173.48,628
50.19.51.56,629
52.184.189.101,630
52.20.50.84,631
52.200.132.11,632
52.202.67.35,633
52.206.179.97,634
52.207.194.86,635
52.21.28.20,636
52.216.228.96,637
52.216.81.248,638
52.25.203.53,639
52.27.92.30,640
52.45.96.145,641
52.84.140.151,642
52.84.145.82,643
52.86.81.107,644
52.87.59.64,645
54.153.94.27,646
54.164.157.184,647
54.172.7.186,648
54.174.185.190,649
54.192.37.10,650
54.192.37.119,651
54.192.37.135,652
54.192.37.143,653
54.192.39.12,654
54.192.39.67,655
54.197.254.190,656
54.201.223.14,657
54.218.44.217,658
54.225.144.138,659
54.228.200.142,660
54.231.120.171,661
54.231.72.34,662
54.236.132.218,663
54.239.17.112,664
54.243.150.53,665
54.247.121.208,666
54.249.38.117,667
54.70.40.206,668
54.74.87.124,669
54.77.224.201,670
54.84.183.163,671
54.88.213.90,672
61.213.187.243,673
63.140.35.162,674
63.251.248.136,675
66.235.146.176,676
66.242.15.121,677
69.147.82.61,678
69.169.86.38,679
69.169.86.39,680
72.167.239.239,681
72.21.81.200,682
72.21.91.113,683
72.21.91.41,684
72.30.202.150,685
74.117.199.102,686
74.119.118.74,687
74.217.63.28,688
8.39.37.21,689
8.41.222.241,690
87.98.242.60,691
89.145.95.52,692
192.243.232.58,693
204.237.173.26,694
23.15.155.27,695
23.203.74.232,696
23.208.164.192,697
23.208.79.80,698
52.206.66.6,699
52.24.139.120,700
52.24.219.132,701
52.4.13.66,702
52.5.92.62,703
52.6.210.246,704
52.86.68.110,705
54.192.37.124,706
54.69.227.52,707
54.84.185.43,708
66.235.144.209,709
66.235.155.62,710
68.67.178.170,711
172.82.206.2,712
173.194.206.108,713
173.194.208.109,714
209.85.144.154,715
23.192.11.230,716
23.194.181.198,717
23.52.144.56,718
34.249.78.227,719
38.93.140.72,720
52.201.140.162,721
52.205.58.79,722
52.38.5.243,723
52.48.129.155,724
52.73.64.166,725
52.76.187.87,726
52.84.145.103,727
52.84.145.181,728
54.186.39.123,729
54.192.37.80,730
66.235.139.205,731
74.125.22.156,732
216.58.219.226,733
8.6.0.1,734
8.0.6.4,735
